Cours;Secteurs
SZ.TR.2.WI.09;1čre année Groupe 1 | 1čre année Groupe 2 | 1čre année Groupe 3 | 1čre année Groupe 4 | Art-Espace | Cinéma d'Animation | Design Architecture Milieu | Design Graphique | Design Objet | Design Textile et Matičre | Design Vętement | Image Imprimée | Photo / Vidéo | Scénographie
SY.TR.2.ST.33;1čre année Groupe 1 | 1čre année Groupe 2 | 1čre année Groupe 3 | 1čre année Groupe 4 | Art-Espace | Cinéma d'Animation | Design Architecture Milieu | Design Graphique | Design Objet | Design Textile et Matičre | Design Vętement | Image Imprimée | Photo / Vidéo | Scénographie
SZ.TR.2.ST.37;1čre année Groupe 1 | 1čre année Groupe 2 | 1čre année Groupe 3 | 1čre année Groupe 4 | Art-Espace | Cinéma d'Animation | Design Architecture Milieu | Design Graphique | Design Objet | Design Textile et Matičre | Design Vętement | Image Imprimée | Photo / Vidéo | Scénographie
S3.DO.1.CS.05;Design Objet
SZ.TR.4.AN.08;1čre année Groupe 1 | 1čre année Groupe 2 | 1čre année Groupe 3 | 1čre année Groupe 4 | Art-Espace | Cinéma d'Animation | Design Architecture Milieu | Design Graphique | Design Objet | Design Textile et Matičre | Design Vętement | Image Imprimée | Photo / Vidéo | Scénographie
SY.TR.T.HE.04;1čre année Groupe 1 | 1čre année Groupe 2 | 1čre année Groupe 3 | 1čre année Groupe 4 | Art-Espace | Cinéma d'Animation | Design Architecture Milieu | Design Graphique | Design Objet | Design Textile et Matičre | Design Vętement | Image Imprimée | Photo / Vidéo | Scénographie
S5.TR.3.MR.04;1čre année Groupe 1 | 1čre année Groupe 2 | 1čre année Groupe 3 | 1čre année Groupe 4 | Art-Espace | Cinéma d'Animation | Design Architecture Milieu | Design Graphique | Design Objet | Design Textile et Matičre | Design Vętement | Image Imprimée | Photo / Vidéo | Scénographie
SZ.TR.4.AN.14;1čre année Groupe 1 | 1čre année Groupe 2 | 1čre année Groupe 3 | 1čre année Groupe 4 | Art-Espace | Cinéma d'Animation | Design Architecture Milieu | Design Graphique | Design Objet | Design Textile et Matičre | Design Vętement | Image Imprimée | Photo / Vidéo | Scénographie
SY.TR.4.AN.01;1čre année Groupe 1 | 1čre année Groupe 2 | 1čre année Groupe 3 | 1čre année Groupe 4 | Art-Espace | Cinéma d'Animation | Design Architecture Milieu | Design Graphique | Design Objet | Design Textile et Matičre | Design Vętement | Image Imprimée | Photo / Vidéo | Scénographie
SZ.TR.4.AN.13;1čre année Groupe 1 | 1čre année Groupe 2 | 1čre année Groupe 3 | 1čre année Groupe 4 | Art-Espace | Cinéma d'Animation | Design Architecture Milieu | Design Graphique | Design Objet | Design Textile et Matičre | Design Vętement | Image Imprimée | Photo / Vidéo | Scénographie
SZ.TR.2.ST.15;1čre année Groupe 1 | 1čre année Groupe 2 | 1čre année Groupe 3 | 1čre année Groupe 4 | Art-Espace | Cinéma d'Animation | Design Architecture Milieu | Design Graphique | Design Objet | Design Textile et Matičre | Design Vętement | Image Imprimée | Photo / Vidéo | Scénographie
SY.TR.2.ST.08;1čre année Groupe 1 | 1čre année Groupe 2 | 1čre année Groupe 3 | 1čre année Groupe 4 | Art-Espace | Cinéma d'Animation | Design Architecture Milieu | Design Graphique | Design Objet | Design Textile et Matičre | Design Vętement | Image Imprimée | Photo / Vidéo | Scénographie
SZ.TR.2.HE.01;1čre année Groupe 1 | 1čre année Groupe 2 | 1čre année Groupe 3 | 1čre année Groupe 4 | Art-Espace | Cinéma d'Animation | Design Architecture Milieu | Design Graphique | Design Objet | Design Textile et Matičre | Design Vętement | Image Imprimée | Photo / Vidéo | Scénographie
SY.TR.T.HE.01;1čre année Groupe 1 | 1čre année Groupe 2 | 1čre année Groupe 3 | 1čre année Groupe 4 | Art-Espace | Cinéma d'Animation | Design Architecture Milieu | Design Graphique | Design Objet | Design Textile et Matičre | Design Vętement | Image Imprimée | Photo / Vidéo | Scénographie
SY.TR.T.HE.07;1čre année Groupe 1 | 1čre année Groupe 2 | 1čre année Groupe 3 | 1čre année Groupe 4 | Art-Espace | Cinéma d'Animation | Design Architecture Milieu | Design Graphique | Design Objet | Design Textile et Matičre | Design Vętement | Image Imprimée | Photo / Vidéo | Scénographie
SZ.TR.2.ST.26;1čre année Groupe 1 | 1čre année Groupe 2 | 1čre année Groupe 3 | 1čre année Groupe 4 | Art-Espace | Cinéma d'Animation | Design Architecture Milieu | Design Graphique | Design Objet | Design Textile et Matičre | Design Vętement | Image Imprimée | Photo / Vidéo | Scénographie
S3.DO.1.CS.09;Design Objet
S9.DO.1.CS.01;Design Objet
SX.DO.1.CS.01;Design Objet
S5.TR.3.MR.13;1čre année Groupe 1 | 1čre année Groupe 2 | 1čre année Groupe 3 | 1čre année Groupe 4 | Art-Espace | Cinéma d'Animation | Design Architecture Milieu | Design Graphique | Design Objet | Design Textile et Matičre | Design Vętement | Image Imprimée | Photo / Vidéo | Scénographie
S5.DO.1.CS.03;Design Objet
S6.DO.1.CS.09;Design Objet
S4.DO.3.HS.01;Design Objet
S5.TR.3.MR.19;1čre année Groupe 1 | 1čre année Groupe 2 | 1čre année Groupe 3 | 1čre année Groupe 4 | Art-Espace | Cinéma d'Animation | Design Architecture Milieu | Design Graphique | Design Objet | Design Textile et Matičre | Design Vętement | Image Imprimée | Photo / Vidéo | Scénographie
S1.TR.3.HF.01;1čre année Groupe 1 | 1čre année Groupe 2 | 1čre année Groupe 3 | 1čre année Groupe 4 | Art-Espace | Cinéma d'Animation | Design Architecture Milieu | Design Graphique | Design Objet | Design Textile et Matičre | Design Vętement | Image Imprimée | Photo / Vidéo | Scénographie
S5.TR.3.MR.03;1čre année Groupe 1 | 1čre année Groupe 2 | 1čre année Groupe 3 | 1čre année Groupe 4 | Art-Espace | Cinéma d'Animation | Design Architecture Milieu | Design Graphique | Design Objet | Design Textile et Matičre | Design Vętement | Image Imprimée | Photo / Vidéo | Scénographie
SY.TR.4.AN.13;1čre année Groupe 1 | 1čre année Groupe 2 | 1čre année Groupe 3 | 1čre année Groupe 4 | Art-Espace | Cinéma d'Animation | Design Architecture Milieu | Design Graphique | Design Objet | Design Textile et Matičre | Design Vętement | Image Imprimée | Photo / Vidéo | Scénographie
SZ.TR.4.AN.33;1čre année Groupe 1 | 1čre année Groupe 2 | 1čre année Groupe 3 | 1čre année Groupe 4 | Art-Espace | Cinéma d'Animation | Design Architecture Milieu | Design Graphique | Design Objet | Design Textile et Matičre | Design Vętement | Image Imprimée | Photo / Vidéo | Scénographie
SZ.TR.4.AN.26;1čre année Groupe 1 | 1čre année Groupe 2 | 1čre année Groupe 3 | 1čre année Groupe 4 | Art-Espace | Cinéma d'Animation | Design Architecture Milieu | Design Graphique | Design Objet | Design Textile et Matičre | Design Vętement | Image Imprimée | Photo / Vidéo | Scénographie
SY.TR.4.AN.06;1čre année Groupe 1 | 1čre année Groupe 2 | 1čre année Groupe 3 | 1čre année Groupe 4 | Art-Espace | Cinéma d'Animation | Design Architecture Milieu | Design Graphique | Design Objet | Design Textile et Matičre | Design Vętement | Image Imprimée | Photo / Vidéo | Scénographie
SY.TR.4.AN.14;1čre année Groupe 1 | 1čre année Groupe 2 | 1čre année Groupe 3 | 1čre année Groupe 4 | Art-Espace | Cinéma d'Animation | Design Architecture Milieu | Design Graphique | Design Objet | Design Textile et Matičre | Design Vętement | Image Imprimée | Photo / Vidéo | Scénographie
SZ.TR.4.AN.34;1čre année Groupe 1 | 1čre année Groupe 2 | 1čre année Groupe 3 | 1čre année Groupe 4 | Art-Espace | Cinéma d'Animation | Design Architecture Milieu | Design Graphique | Design Objet | Design Textile et Matičre | Design Vętement | Image Imprimée | Photo / Vidéo | Scénographie
SY.TR.4.AN.07;1čre année Groupe 1 | 1čre année Groupe 2 | 1čre année Groupe 3 | 1čre année Groupe 4 | Art-Espace | Cinéma d'Animation | Design Architecture Milieu | Design Graphique | Design Objet | Design Textile et Matičre | Design Vętement | Image Imprimée | Photo / Vidéo | Scénographie
SZ.TR.4.AN.27;1čre année Groupe 1 | 1čre année Groupe 2 | 1čre année Groupe 3 | 1čre année Groupe 4 | Art-Espace | Cinéma d'Animation | Design Architecture Milieu | Design Graphique | Design Objet | Design Textile et Matičre | Design Vętement | Image Imprimée | Photo / Vidéo | Scénographie
SY.TR.4.AN.16;1čre année Groupe 1 | 1čre année Groupe 2 | 1čre année Groupe 3 | 1čre année Groupe 4 | Art-Espace | Cinéma d'Animation | Design Architecture Milieu | Design Graphique | Design Objet | Design Textile et Matičre | Design Vętement | Image Imprimée | Photo / Vidéo | Scénographie
SZ.TR.4.AN.36;1čre année Groupe 1 | 1čre année Groupe 2 | 1čre année Groupe 3 | 1čre année Groupe 4 | Art-Espace | Cinéma d'Animation | Design Architecture Milieu | Design Graphique | Design Objet | Design Textile et Matičre | Design Vętement | Image Imprimée | Photo / Vidéo | Scénographie
SY.TR.4.AN.17;1čre année Groupe 1 | 1čre année Groupe 2 | 1čre année Groupe 3 | 1čre année Groupe 4 | Art-Espace | Cinéma d'Animation | Design Architecture Milieu | Design Graphique | Design Objet | Design Textile et Matičre | Design Vętement | Image Imprimée | Photo / Vidéo | Scénographie
SZ.TR.4.AN.37;1čre année Groupe 1 | 1čre année Groupe 2 | 1čre année Groupe 3 | 1čre année Groupe 4 | Art-Espace | Cinéma d'Animation | Design Architecture Milieu | Design Graphique | Design Objet | Design Textile et Matičre | Design Vętement | Image Imprimée | Photo / Vidéo | Scénographie
SY.TR.4.AN.15;1čre année Groupe 1 | 1čre année Groupe 2 | 1čre année Groupe 3 | 1čre année Groupe 4 | Art-Espace | Cinéma d'Animation | Design Architecture Milieu | Design Graphique | Design Objet | Design Textile et Matičre | Design Vętement | Image Imprimée | Photo / Vidéo | Scénographie
SZ.TR.4.AN.35;1čre année Groupe 1 | 1čre année Groupe 2 | 1čre année Groupe 3 | 1čre année Groupe 4 | Art-Espace | Cinéma d'Animation | Design Architecture Milieu | Design Graphique | Design Objet | Design Textile et Matičre | Design Vętement | Image Imprimée | Photo / Vidéo | Scénographie
SY.TR.4.AN.02;1čre année Groupe 1 | 1čre année Groupe 2 | 1čre année Groupe 3 | 1čre année Groupe 4 | Art-Espace | Cinéma d'Animation | Design Architecture Milieu | Design Graphique | Design Objet | Design Textile et Matičre | Design Vętement | Image Imprimée | Photo / Vidéo | Scénographie
SZ.TR.4.AN.22;1čre année Groupe 1 | 1čre année Groupe 2 | 1čre année Groupe 3 | 1čre année Groupe 4 | Art-Espace | Cinéma d'Animation | Design Architecture Milieu | Design Graphique | Design Objet | Design Textile et Matičre | Design Vętement | Image Imprimée | Photo / Vidéo | Scénographie
SY.TR.4.AN.03;1čre année Groupe 1 | 1čre année Groupe 2 | 1čre année Groupe 3 | 1čre année Groupe 4 | Art-Espace | Cinéma d'Animation | Design Architecture Milieu | Design Graphique | Design Objet | Design Textile et Matičre | Design Vętement | Image Imprimée | Photo / Vidéo | Scénographie
SZ.TR.4.AN.23;1čre année Groupe 1 | 1čre année Groupe 2 | 1čre année Groupe 3 | 1čre année Groupe 4 | Art-Espace | Cinéma d'Animation | Design Architecture Milieu | Design Graphique | Design Objet | Design Textile et Matičre | Design Vętement | Image Imprimée | Photo / Vidéo | Scénographie
SY.TR.4.AN.04;1čre année Groupe 1 | 1čre année Groupe 2 | 1čre année Groupe 3 | 1čre année Groupe 4 | Art-Espace | Cinéma d'Animation | Design Architecture Milieu | Design Graphique | Design Objet | Design Textile et Matičre | Design Vętement | Image Imprimée | Photo / Vidéo | Scénographie
SZ.TR.4.AN.24;1čre année Groupe 1 | 1čre année Groupe 2 | 1čre année Groupe 3 | 1čre année Groupe 4 | Art-Espace | Cinéma d'Animation | Design Architecture Milieu | Design Graphique | Design Objet | Design Textile et Matičre | Design Vętement | Image Imprimée | Photo / Vidéo | Scénographie
SY.TR.4.AN.05;1čre année Groupe 1 | 1čre année Groupe 2 | 1čre année Groupe 3 | 1čre année Groupe 4 | Art-Espace | Cinéma d'Animation | Design Architecture Milieu | Design Graphique | Design Objet | Design Textile et Matičre | Design Vętement | Image Imprimée | Photo / Vidéo | Scénographie
SZ.TR.4.AN.25;1čre année Groupe 1 | 1čre année Groupe 2 | 1čre année Groupe 3 | 1čre année Groupe 4 | Art-Espace | Cinéma d'Animation | Design Architecture Milieu | Design Graphique | Design Objet | Design Textile et Matičre | Design Vętement | Image Imprimée | Photo / Vidéo | Scénographie
SY.TR.4.AN.08;1čre année Groupe 1 | 1čre année Groupe 2 | 1čre année Groupe 3 | 1čre année Groupe 4 | Art-Espace | Cinéma d'Animation | Design Architecture Milieu | Design Graphique | Design Objet | Design Textile et Matičre | Design Vętement | Image Imprimée | Photo / Vidéo | Scénographie
SZ.TR.4.AN.28;1čre année Groupe 1 | 1čre année Groupe 2 | 1čre année Groupe 3 | 1čre année Groupe 4 | Art-Espace | Cinéma d'Animation | Design Architecture Milieu | Design Graphique | Design Objet | Design Textile et Matičre | Design Vętement | Image Imprimée | Photo / Vidéo | Scénographie
SY.TR.4.AN.18;1čre année Groupe 1 | 1čre année Groupe 2 | 1čre année Groupe 3 | 1čre année Groupe 4 | Art-Espace | Cinéma d'Animation | Design Architecture Milieu | Design Graphique | Design Objet | Design Textile et Matičre | Design Vętement | Image Imprimée | Photo / Vidéo | Scénographie
SZ.TR.4.AN.38;1čre année Groupe 1 | 1čre année Groupe 2 | 1čre année Groupe 3 | 1čre année Groupe 4 | Art-Espace | Cinéma d'Animation | Design Architecture Milieu | Design Graphique | Design Objet | Design Textile et Matičre | Design Vętement | Image Imprimée | Photo / Vidéo | Scénographie
SY.TR.4.AN.19;1čre année Groupe 1 | 1čre année Groupe 2 | 1čre année Groupe 3 | 1čre année Groupe 4 | Art-Espace | Cinéma d'Animation | Design Architecture Milieu | Design Graphique | Design Objet | Design Textile et Matičre | Design Vętement | Image Imprimée | Photo / Vidéo | Scénographie
SZ.TR.4.AN.39;1čre année Groupe 1 | 1čre année Groupe 2 | 1čre année Groupe 3 | 1čre année Groupe 4 | Art-Espace | Cinéma d'Animation | Design Architecture Milieu | Design Graphique | Design Objet | Design Textile et Matičre | Design Vętement | Image Imprimée | Photo / Vidéo | Scénographie
SY.TR.4.AN.20;1čre année Groupe 1 | 1čre année Groupe 2 | 1čre année Groupe 3 | 1čre année Groupe 4 | Art-Espace | Cinéma d'Animation | Design Architecture Milieu | Design Graphique | Design Objet | Design Textile et Matičre | Design Vętement | Image Imprimée | Photo / Vidéo | Scénographie
SZ.TR.4.AN.40;1čre année Groupe 1 | 1čre année Groupe 2 | 1čre année Groupe 3 | 1čre année Groupe 4 | Art-Espace | Cinéma d'Animation | Design Architecture Milieu | Design Graphique | Design Objet | Design Textile et Matičre | Design Vętement | Image Imprimée | Photo / Vidéo | Scénographie
SY.TR.4.AN.21;1čre année Groupe 1 | 1čre année Groupe 2 | 1čre année Groupe 3 | 1čre année Groupe 4 | Art-Espace | Cinéma d'Animation | Design Architecture Milieu | Design Graphique | Design Objet | Design Textile et Matičre | Design Vętement | Image Imprimée | Photo / Vidéo | Scénographie
SZ.TR.4.AN.41;1čre année Groupe 1 | 1čre année Groupe 2 | 1čre année Groupe 3 | 1čre année Groupe 4 | Art-Espace | Cinéma d'Animation | Design Architecture Milieu | Design Graphique | Design Objet | Design Textile et Matičre | Design Vętement | Image Imprimée | Photo / Vidéo | Scénographie
SY.TR.4.AN.09;1čre année Groupe 1 | 1čre année Groupe 2 | 1čre année Groupe 3 | 1čre année Groupe 4 | Art-Espace | Cinéma d'Animation | Design Architecture Milieu | Design Graphique | Design Objet | Design Textile et Matičre | Design Vętement | Image Imprimée | Photo / Vidéo | Scénographie
SZ.TR.4.AN.29;1čre année Groupe 1 | 1čre année Groupe 2 | 1čre année Groupe 3 | 1čre année Groupe 4 | Art-Espace | Cinéma d'Animation | Design Architecture Milieu | Design Graphique | Design Objet | Design Textile et Matičre | Design Vętement | Image Imprimée | Photo / Vidéo | Scénographie
SY.TR.4.AN.10;1čre année Groupe 1 | 1čre année Groupe 2 | 1čre année Groupe 3 | 1čre année Groupe 4 | Art-Espace | Cinéma d'Animation | Design Architecture Milieu | Design Graphique | Design Objet | Design Textile et Matičre | Design Vętement | Image Imprimée | Photo / Vidéo | Scénographie
SZ.TR.4.AN.30;1čre année Groupe 1 | 1čre année Groupe 2 | 1čre année Groupe 3 | 1čre année Groupe 4 | Art-Espace | Cinéma d'Animation | Design Architecture Milieu | Design Graphique | Design Objet | Design Textile et Matičre | Design Vętement | Image Imprimée | Photo / Vidéo | Scénographie
SY.TR.4.AN.11;1čre année Groupe 1 | 1čre année Groupe 2 | 1čre année Groupe 3 | 1čre année Groupe 4 | Art-Espace | Cinéma d'Animation | Design Architecture Milieu | Design Graphique | Design Objet | Design Textile et Matičre | Design Vętement | Image Imprimée | Photo / Vidéo | Scénographie
SZ.TR.4.AN.31;1čre année Groupe 1 | 1čre année Groupe 2 | 1čre année Groupe 3 | 1čre année Groupe 4 | Art-Espace | Cinéma d'Animation | Design Architecture Milieu | Design Graphique | Design Objet | Design Textile et Matičre | Design Vętement | Image Imprimée | Photo / Vidéo | Scénographie
SY.TR.4.AN.12;1čre année Groupe 1 | 1čre année Groupe 2 | 1čre année Groupe 3 | 1čre année Groupe 4 | Art-Espace | Cinéma d'Animation | Design Architecture Milieu | Design Graphique | Design Objet | Design Textile et Matičre | Design Vętement | Image Imprimée | Photo / Vidéo | Scénographie
SZ.TR.4.AN.32;1čre année Groupe 1 | 1čre année Groupe 2 | 1čre année Groupe 3 | 1čre année Groupe 4 | Art-Espace | Cinéma d'Animation | Design Architecture Milieu | Design Graphique | Design Objet | Design Textile et Matičre | Design Vętement | Image Imprimée | Photo / Vidéo | Scénographie
S5.TR.3.MR.02;1čre année Groupe 1 | 1čre année Groupe 2 | 1čre année Groupe 3 | 1čre année Groupe 4 | Art-Espace | Cinéma d'Animation | Design Architecture Milieu | Design Graphique | Design Objet | Design Textile et Matičre | Design Vętement | Image Imprimée | Photo / Vidéo | Scénographie
SY.TR.0.CF.01;1čre année Groupe 1 | 1čre année Groupe 2 | 1čre année Groupe 3 | 1čre année Groupe 4 | Art-Espace | Cinéma d'Animation | Design Architecture Milieu | Design Graphique | Design Objet | Design Textile et Matičre | Design Vętement | Image Imprimée | Photo / Vidéo | Scénographie
SY.TR.2.ST.37;1čre année Groupe 1 | 1čre année Groupe 2 | 1čre année Groupe 3 | 1čre année Groupe 4 | Art-Espace | Cinéma d'Animation | Design Architecture Milieu | Design Graphique | Design Objet | Design Textile et Matičre | Design Vętement | Image Imprimée | Photo / Vidéo | Scénographie
SZ.TR.2.ST.42;1čre année Groupe 1 | 1čre année Groupe 2 | 1čre année Groupe 3 | 1čre année Groupe 4 | Art-Espace | Cinéma d'Animation | Design Architecture Milieu | Design Graphique | Design Objet | Design Textile et Matičre | Design Vętement | Image Imprimée | Photo / Vidéo | Scénographie
SZ.TR.4.AN.17;1čre année Groupe 1 | 1čre année Groupe 2 | 1čre année Groupe 3 | 1čre année Groupe 4 | Art-Espace | Cinéma d'Animation | Design Architecture Milieu | Design Graphique | Design Objet | Design Textile et Matičre | Design Vętement | Image Imprimée | Photo / Vidéo | Scénographie
SZ.TR.4.AN.03;1čre année Groupe 1 | 1čre année Groupe 2 | 1čre année Groupe 3 | 1čre année Groupe 4 | Art-Espace | Cinéma d'Animation | Design Architecture Milieu | Design Graphique | Design Objet | Design Textile et Matičre | Design Vętement | Image Imprimée | Photo / Vidéo | Scénographie
SZ.TR.4.AN.01;1čre année Groupe 1 | 1čre année Groupe 2 | 1čre année Groupe 3 | 1čre année Groupe 4 | Art-Espace | Cinéma d'Animation | Design Architecture Milieu | Design Graphique | Design Objet | Design Textile et Matičre | Design Vętement | Image Imprimée | Photo / Vidéo | Scénographie
S5.TR.3.MR.16;1čre année Groupe 1 | 1čre année Groupe 2 | 1čre année Groupe 3 | 1čre année Groupe 4 | Art-Espace | Cinéma d'Animation | Design Architecture Milieu | Design Graphique | Design Objet | Design Textile et Matičre | Design Vętement | Image Imprimée | Photo / Vidéo | Scénographie
S4.DO.1.CS.03;Design Objet
S3.DO.3.HS.01;Design Objet
S4.DO.1.CS.05;Design Objet
SY.TR.2.ST.13;1čre année Groupe 1 | 1čre année Groupe 2 | 1čre année Groupe 3 | 1čre année Groupe 4 | Art-Espace | Cinéma d'Animation | Design Architecture Milieu | Design Graphique | Design Objet | Design Textile et Matičre | Design Vętement | Image Imprimée | Photo / Vidéo | Scénographie
SY.TR.2.ST.14;1čre année Groupe 1 | 1čre année Groupe 2 | 1čre année Groupe 3 | 1čre année Groupe 4 | Art-Espace | Cinéma d'Animation | Design Architecture Milieu | Design Graphique | Design Objet | Design Textile et Matičre | Design Vętement | Image Imprimée | Photo / Vidéo | Scénographie
SY.TR.2.ST.15;1čre année Groupe 1 | 1čre année Groupe 2 | 1čre année Groupe 3 | 1čre année Groupe 4 | Art-Espace | Cinéma d'Animation | Design Architecture Milieu | Design Graphique | Design Objet | Design Textile et Matičre | Design Vętement | Image Imprimée | Photo / Vidéo | Scénographie
SY.TR.2.ST.34;1čre année Groupe 1 | 1čre année Groupe 2 | 1čre année Groupe 3 | 1čre année Groupe 4 | Art-Espace | Cinéma d'Animation | Design Architecture Milieu | Design Graphique | Design Objet | Design Textile et Matičre | Design Vętement | Image Imprimée | Photo / Vidéo | Scénographie
SZ.TR.2.ST.19;1čre année Groupe 1 | 1čre année Groupe 2 | 1čre année Groupe 3 | 1čre année Groupe 4 | Art-Espace | Cinéma d'Animation | Design Architecture Milieu | Design Graphique | Design Objet | Design Textile et Matičre | Design Vętement | Image Imprimée | Photo / Vidéo | Scénographie
SZ.TR.2.ST.20;1čre année Groupe 1 | 1čre année Groupe 2 | 1čre année Groupe 3 | 1čre année Groupe 4 | Art-Espace | Cinéma d'Animation | Design Architecture Milieu | Design Graphique | Design Objet | Design Textile et Matičre | Design Vętement | Image Imprimée | Photo / Vidéo | Scénographie
SZ.TR.2.ST.21;1čre année Groupe 1 | 1čre année Groupe 2 | 1čre année Groupe 3 | 1čre année Groupe 4 | Art-Espace | Cinéma d'Animation | Design Architecture Milieu | Design Graphique | Design Objet | Design Textile et Matičre | Design Vętement | Image Imprimée | Photo / Vidéo | Scénographie
SZ.TR.2.ST.38;1čre année Groupe 1 | 1čre année Groupe 2 | 1čre année Groupe 3 | 1čre année Groupe 4 | Art-Espace | Cinéma d'Animation | Design Architecture Milieu | Design Graphique | Design Objet | Design Textile et Matičre | Design Vętement | Image Imprimée | Photo / Vidéo | Scénographie
S3.DO.1.CS.07;Design Objet
SY.TR.2.ST.17;1čre année Groupe 1 | 1čre année Groupe 2 | 1čre année Groupe 3 | 1čre année Groupe 4 | Art-Espace | Cinéma d'Animation | Design Architecture Milieu | Design Graphique | Design Objet | Design Textile et Matičre | Design Vętement | Image Imprimée | Photo / Vidéo | Scénographie
SY.TR.2.ST.18;1čre année Groupe 1 | 1čre année Groupe 2 | 1čre année Groupe 3 | 1čre année Groupe 4 | Art-Espace | Cinéma d'Animation | Design Architecture Milieu | Design Graphique | Design Objet | Design Textile et Matičre | Design Vętement | Image Imprimée | Photo / Vidéo | Scénographie
SY.TR.2.ST.19;1čre année Groupe 1 | 1čre année Groupe 2 | 1čre année Groupe 3 | 1čre année Groupe 4 | Art-Espace | Cinéma d'Animation | Design Architecture Milieu | Design Graphique | Design Objet | Design Textile et Matičre | Design Vętement | Image Imprimée | Photo / Vidéo | Scénographie
SZ.TR.2.ST.22;1čre année Groupe 1 | 1čre année Groupe 2 | 1čre année Groupe 3 | 1čre année Groupe 4 | Art-Espace | Cinéma d'Animation | Design Architecture Milieu | Design Graphique | Design Objet | Design Textile et Matičre | Design Vętement | Image Imprimée | Photo / Vidéo | Scénographie
SZ.TR.2.ST.23;1čre année Groupe 1 | 1čre année Groupe 2 | 1čre année Groupe 3 | 1čre année Groupe 4 | Art-Espace | Cinéma d'Animation | Design Architecture Milieu | Design Graphique | Design Objet | Design Textile et Matičre | Design Vętement | Image Imprimée | Photo / Vidéo | Scénographie
SZ.TR.2.ST.24;1čre année Groupe 1 | 1čre année Groupe 2 | 1čre année Groupe 3 | 1čre année Groupe 4 | Art-Espace | Cinéma d'Animation | Design Architecture Milieu | Design Graphique | Design Objet | Design Textile et Matičre | Design Vętement | Image Imprimée | Photo / Vidéo | Scénographie
SY.TR.2.ST.06;1čre année Groupe 1 | 1čre année Groupe 2 | 1čre année Groupe 3 | 1čre année Groupe 4 | Art-Espace | Cinéma d'Animation | Design Architecture Milieu | Design Graphique | Design Objet | Design Textile et Matičre | Design Vętement | Image Imprimée | Photo / Vidéo | Scénographie
SY.TR.2.ST.35;1čre année Groupe 1 | 1čre année Groupe 2 | 1čre année Groupe 3 | 1čre année Groupe 4 | Art-Espace | Cinéma d'Animation | Design Architecture Milieu | Design Graphique | Design Objet | Design Textile et Matičre | Design Vętement | Image Imprimée | Photo / Vidéo | Scénographie
SZ.TR.2.ST.11;1čre année Groupe 1 | 1čre année Groupe 2 | 1čre année Groupe 3 | 1čre année Groupe 4 | Art-Espace | Cinéma d'Animation | Design Architecture Milieu | Design Graphique | Design Objet | Design Textile et Matičre | Design Vętement | Image Imprimée | Photo / Vidéo | Scénographie
SZ.TR.2.ST.40;1čre année Groupe 1 | 1čre année Groupe 2 | 1čre année Groupe 3 | 1čre année Groupe 4 | Art-Espace | Cinéma d'Animation | Design Architecture Milieu | Design Graphique | Design Objet | Design Textile et Matičre | Design Vętement | Image Imprimée | Photo / Vidéo | Scénographie
SY.TR.2.ST.29;1čre année Groupe 1 | 1čre année Groupe 2 | 1čre année Groupe 3 | 1čre année Groupe 4 | Art-Espace | Cinéma d'Animation | Design Architecture Milieu | Design Graphique | Design Objet | Design Textile et Matičre | Design Vętement | Image Imprimée | Photo / Vidéo | Scénographie
SZ.TR.2.ST.06;1čre année Groupe 1 | 1čre année Groupe 2 | 1čre année Groupe 3 | 1čre année Groupe 4 | Art-Espace | Cinéma d'Animation | Design Architecture Milieu | Design Graphique | Design Objet | Design Textile et Matičre | Design Vętement | Image Imprimée | Photo / Vidéo | Scénographie
SZ.TR.2.ST.34;1čre année Groupe 1 | 1čre année Groupe 2 | 1čre année Groupe 3 | 1čre année Groupe 4 | Art-Espace | Cinéma d'Animation | Design Architecture Milieu | Design Graphique | Design Objet | Design Textile et Matičre | Design Vętement | Image Imprimée | Photo / Vidéo | Scénographie
S5.TR.3.MR.15;1čre année Groupe 1 | 1čre année Groupe 2 | 1čre année Groupe 3 | 1čre année Groupe 4 | Art-Espace | Cinéma d'Animation | Design Architecture Milieu | Design Graphique | Design Objet | Design Textile et Matičre | Design Vętement | Image Imprimée | Photo / Vidéo | Scénographie
SY.TR.2.ST.09;1čre année Groupe 1 | 1čre année Groupe 2 | 1čre année Groupe 3 | 1čre année Groupe 4 | Art-Espace | Cinéma d'Animation | Design Architecture Milieu | Design Graphique | Design Objet | Design Textile et Matičre | Design Vętement | Image Imprimée | Photo / Vidéo | Scénographie
SY.TR.2.ST.10;1čre année Groupe 1 | 1čre année Groupe 2 | 1čre année Groupe 3 | 1čre année Groupe 4 | Art-Espace | Cinéma d'Animation | Design Architecture Milieu | Design Graphique | Design Objet | Design Textile et Matičre | Design Vętement | Image Imprimée | Photo / Vidéo | Scénographie
SZ.TR.2.ST.16;1čre année Groupe 1 | 1čre année Groupe 2 | 1čre année Groupe 3 | 1čre année Groupe 4 | Art-Espace | Cinéma d'Animation | Design Architecture Milieu | Design Graphique | Design Objet | Design Textile et Matičre | Design Vętement | Image Imprimée | Photo / Vidéo | Scénographie
SZ.TR.2.ST.17;1čre année Groupe 1 | 1čre année Groupe 2 | 1čre année Groupe 3 | 1čre année Groupe 4 | Art-Espace | Cinéma d'Animation | Design Architecture Milieu | Design Graphique | Design Objet | Design Textile et Matičre | Design Vętement | Image Imprimée | Photo / Vidéo | Scénographie
SZ.TR.2.WI.06;1čre année Groupe 1 | 1čre année Groupe 2 | 1čre année Groupe 3 | 1čre année Groupe 4 | Art-Espace | Cinéma d'Animation | Design Architecture Milieu | Design Graphique | Design Objet | Design Textile et Matičre | Design Vętement | Image Imprimée | Photo / Vidéo | Scénographie
S3.DO.1.CS.08;Design Objet
S5.TR.3.MR.18;1čre année Groupe 1 | 1čre année Groupe 2 | 1čre année Groupe 3 | 1čre année Groupe 4 | Art-Espace | Cinéma d'Animation | Design Architecture Milieu | Design Graphique | Design Objet | Design Textile et Matičre | Design Vętement | Image Imprimée | Photo / Vidéo | Scénographie
S5.TR.3.MR.14;1čre année Groupe 1 | 1čre année Groupe 2 | 1čre année Groupe 3 | 1čre année Groupe 4 | Art-Espace | Cinéma d'Animation | Design Architecture Milieu | Design Graphique | Design Objet | Design Textile et Matičre | Design Vętement | Image Imprimée | Photo / Vidéo | Scénographie
S6.DO.1.CS.07;Design Objet
SY.TR.2.ST.05;1čre année Groupe 1 | 1čre année Groupe 2 | 1čre année Groupe 3 | 1čre année Groupe 4 | Art-Espace | Cinéma d'Animation | Design Architecture Milieu | Design Graphique | Design Objet | Design Textile et Matičre | Design Vętement | Image Imprimée | Photo / Vidéo | Scénographie
S5.DO.1.CS.06;Design Objet
S6.DO.1.CS.08;Design Objet
S4.TR.3.HF.01;Art-Espace | Cinéma d'Animation | Design Architecture Milieu | Design Graphique | Design Objet | Design Textile et Matičre | Design Vętement | Image Imprimée | Photo / Vidéo | Scénographie
SY.TR.0.CF.03;1čre année Groupe 1 | 1čre année Groupe 2 | 1čre année Groupe 3 | 1čre année Groupe 4 | Art-Espace | Cinéma d'Animation | Design Architecture Milieu | Design Graphique | Design Objet | Design Textile et Matičre | Design Vętement | Image Imprimée | Photo / Vidéo | Scénographie
SZ.TR.0.CF.02;1čre année Groupe 1 | 1čre année Groupe 2 | 1čre année Groupe 3 | 1čre année Groupe 4 | Art-Espace | Cinéma d'Animation | Design Architecture Milieu | Design Graphique | Design Objet | Design Textile et Matičre | Design Vętement | Image Imprimée | Photo / Vidéo | Scénographie
SZ.TR.4.AN.15;1čre année Groupe 1 | 1čre année Groupe 2 | 1čre année Groupe 3 | 1čre année Groupe 4 | Art-Espace | Cinéma d'Animation | Design Architecture Milieu | Design Graphique | Design Objet | Design Textile et Matičre | Design Vętement | Image Imprimée | Photo / Vidéo | Scénographie
SZ.TR.4.AN.16;1čre année Groupe 1 | 1čre année Groupe 2 | 1čre année Groupe 3 | 1čre année Groupe 4 | Art-Espace | Cinéma d'Animation | Design Architecture Milieu | Design Graphique | Design Objet | Design Textile et Matičre | Design Vętement | Image Imprimée | Photo / Vidéo | Scénographie
S3.TR.3.HF.01;1čre année Groupe 1 | 1čre année Groupe 2 | 1čre année Groupe 3 | 1čre année Groupe 4 | Art-Espace | Cinéma d'Animation | Design Architecture Milieu | Design Graphique | Design Objet | Design Textile et Matičre | Design Vętement | Image Imprimée | Photo / Vidéo | Scénographie
S9.DO.1.CS.04;Design Objet
S3.DO.1.CS.04;Design Objet
S4.TR.3.HS.01;1čre année Groupe 1 | 1čre année Groupe 2 | 1čre année Groupe 3 | 1čre année Groupe 4 | Art-Espace | Cinéma d'Animation | Design Architecture Milieu | Design Graphique | Design Objet | Design Textile et Matičre | Design Vętement | Image Imprimée | Photo / Vidéo | Scénographie
SY.TR.2.ST.07;1čre année Groupe 1 | 1čre année Groupe 2 | 1čre année Groupe 3 | 1čre année Groupe 4 | Art-Espace | Cinéma d'Animation | Design Architecture Milieu | Design Graphique | Design Objet | Design Textile et Matičre | Design Vętement | Image Imprimée | Photo / Vidéo | Scénographie
SZ.TR.2.ST.14;1čre année Groupe 1 | 1čre année Groupe 2 | 1čre année Groupe 3 | 1čre année Groupe 4 | Art-Espace | Cinéma d'Animation | Design Architecture Milieu | Design Graphique | Design Objet | Design Textile et Matičre | Design Vętement | Image Imprimée | Photo / Vidéo | Scénographie
SZ.TR.2.WI.01;1čre année Groupe 1 | 1čre année Groupe 2 | 1čre année Groupe 3 | 1čre année Groupe 4 | Art-Espace | Cinéma d'Animation | Design Architecture Milieu | Design Graphique | Design Objet | Design Textile et Matičre | Design Vętement | Image Imprimée | Photo / Vidéo | Scénographie
S3.DO.1.CS.01;Design Objet
SY.TR.2.ST.01;1čre année Groupe 1 | 1čre année Groupe 2 | 1čre année Groupe 3 | 1čre année Groupe 4 | Art-Espace | Cinéma d'Animation | Design Architecture Milieu | Design Graphique | Design Objet | Design Textile et Matičre | Design Vętement | Image Imprimée | Photo / Vidéo | Scénographie
SZ.TR.0.FR.01;1čre année Groupe 1 | 1čre année Groupe 2 | 1čre année Groupe 3 | 1čre année Groupe 4 | Art-Espace | Cinéma d'Animation | Design Architecture Milieu | Design Graphique | Design Objet | Design Textile et Matičre | Design Vętement | Image Imprimée | Photo / Vidéo | Scénographie
SY.TR.0.FR.02;1čre année Groupe 1 | 1čre année Groupe 2 | 1čre année Groupe 3 | 1čre année Groupe 4 | Art-Espace | Cinéma d'Animation | Design Architecture Milieu | Design Graphique | Design Objet | Design Textile et Matičre | Design Vętement | Image Imprimée | Photo / Vidéo | Scénographie
SZ.TR.0.FR.03;1čre année Groupe 1 | 1čre année Groupe 2 | 1čre année Groupe 3 | 1čre année Groupe 4 | Art-Espace | Cinéma d'Animation | Design Architecture Milieu | Design Graphique | Design Objet | Design Textile et Matičre | Design Vętement | Image Imprimée | Photo / Vidéo | Scénographie
SY.TR.0.FR.01;1čre année Groupe 1 | 1čre année Groupe 2 | 1čre année Groupe 3 | 1čre année Groupe 4 | Art-Espace | Cinéma d'Animation | Design Architecture Milieu | Design Graphique | Design Objet | Design Textile et Matičre | Design Vętement | Image Imprimée | Photo / Vidéo | Scénographie
SZ.TR.0.FR.02;1čre année Groupe 1 | 1čre année Groupe 2 | 1čre année Groupe 3 | 1čre année Groupe 4 | Art-Espace | Cinéma d'Animation | Design Architecture Milieu | Design Graphique | Design Objet | Design Textile et Matičre | Design Vętement | Image Imprimée | Photo / Vidéo | Scénographie
SY.TR.2.ST.20;1čre année Groupe 1 | 1čre année Groupe 2 | 1čre année Groupe 3 | 1čre année Groupe 4 | Art-Espace | Cinéma d'Animation | Design Architecture Milieu | Design Graphique | Design Objet | Design Textile et Matičre | Design Vętement | Image Imprimée | Photo / Vidéo | Scénographie
SZ.TR.2.ST.25;1čre année Groupe 1 | 1čre année Groupe 2 | 1čre année Groupe 3 | 1čre année Groupe 4 | Art-Espace | Cinéma d'Animation | Design Architecture Milieu | Design Graphique | Design Objet | Design Textile et Matičre | Design Vętement | Image Imprimée | Photo / Vidéo | Scénographie
SX.DO.1.CS.02;Design Objet
S9.DO.1.CS.03;Design Objet
SX.DO.1.CS.04;Design Objet
S9.DO.1.CS.02;Design Objet
SX.DO.1.CS.03;Design Objet
S9.DO.1.HS.01;Design Objet
SX.DO.1.HS.01;Design Objet
S3.DO.1.CS.02;Design Objet
SY.TR.2.ST.31;1čre année Groupe 1 | 1čre année Groupe 2 | 1čre année Groupe 3 | 1čre année Groupe 4 | Art-Espace | Cinéma d'Animation | Design Architecture Milieu | Design Graphique | Design Objet | Design Textile et Matičre | Design Vętement | Image Imprimée | Photo / Vidéo | Scénographie
SY.TR.2.ST.32;1čre année Groupe 1 | 1čre année Groupe 2 | 1čre année Groupe 3 | 1čre année Groupe 4 | Art-Espace | Cinéma d'Animation | Design Architecture Milieu | Design Graphique | Design Objet | Design Textile et Matičre | Design Vętement | Image Imprimée | Photo / Vidéo | Scénographie
SZ.TR.2.ST.35;1čre année Groupe 1 | 1čre année Groupe 2 | 1čre année Groupe 3 | 1čre année Groupe 4 | Art-Espace | Cinéma d'Animation | Design Architecture Milieu | Design Graphique | Design Objet | Design Textile et Matičre | Design Vętement | Image Imprimée | Photo / Vidéo | Scénographie
SZ.TR.2.ST.36;1čre année Groupe 1 | 1čre année Groupe 2 | 1čre année Groupe 3 | 1čre année Groupe 4 | Art-Espace | Cinéma d'Animation | Design Architecture Milieu | Design Graphique | Design Objet | Design Textile et Matičre | Design Vętement | Image Imprimée | Photo / Vidéo | Scénographie
S2.TR.3.HF.01;1čre année Groupe 1 | 1čre année Groupe 2 | 1čre année Groupe 3 | 1čre année Groupe 4 | Art-Espace | Cinéma d'Animation | Design Architecture Milieu | Design Graphique | Design Objet | Design Textile et Matičre | Design Vętement | Image Imprimée | Photo / Vidéo | Scénographie
S6.DO.3.HM.01;Design Objet
SY.TR.2.ST.27;1čre année Groupe 1 | 1čre année Groupe 2 | 1čre année Groupe 3 | 1čre année Groupe 4 | Art-Espace | Cinéma d'Animation | Design Architecture Milieu | Design Graphique | Design Objet | Design Textile et Matičre | Design Vętement | Image Imprimée | Photo / Vidéo | Scénographie
SZ.TR.2.ST.04;1čre année Groupe 1 | 1čre année Groupe 2 | 1čre année Groupe 3 | 1čre année Groupe 4 | Art-Espace | Cinéma d'Animation | Design Architecture Milieu | Design Graphique | Design Objet | Design Textile et Matičre | Design Vętement | Image Imprimée | Photo / Vidéo | Scénographie
SY.TR.2.ST.04;1čre année Groupe 1 | 1čre année Groupe 2 | 1čre année Groupe 3 | 1čre année Groupe 4 | Art-Espace | Cinéma d'Animation | Design Architecture Milieu | Design Graphique | Design Objet | Design Textile et Matičre | Design Vętement | Image Imprimée | Photo / Vidéo | Scénographie
SZ.TR.2.ST.07;1čre année Groupe 1 | 1čre année Groupe 2 | 1čre année Groupe 3 | 1čre année Groupe 4 | Art-Espace | Cinéma d'Animation | Design Architecture Milieu | Design Graphique | Design Objet | Design Textile et Matičre | Design Vętement | Image Imprimée | Photo / Vidéo | Scénographie
S8.DO.1.CS.02;Design Objet
SY.TR.T.HE.08;1čre année Groupe 1 | 1čre année Groupe 2 | 1čre année Groupe 3 | 1čre année Groupe 4 | Art-Espace | Cinéma d'Animation | Design Architecture Milieu | Design Graphique | Design Objet | Design Textile et Matičre | Design Vętement | Image Imprimée | Photo / Vidéo | Scénographie
S9.TR.0.CF.01;1čre année Groupe 1 | 1čre année Groupe 2 | 1čre année Groupe 3 | 1čre année Groupe 4 | Art-Espace | Cinéma d'Animation | Design Architecture Milieu | Design Graphique | Design Objet | Design Textile et Matičre | Design Vętement | Image Imprimée | Photo / Vidéo | Scénographie
S7.DO.1.CS.02;Design Objet
SZ.TR.2.HE.04;1čre année Groupe 1 | 1čre année Groupe 2 | 1čre année Groupe 3 | 1čre année Groupe 4 | Art-Espace | Cinéma d'Animation | Design Architecture Milieu | Design Graphique | Design Objet | Design Textile et Matičre | Design Vętement | Image Imprimée | Photo / Vidéo | Scénographie
S5.TR.3.MR.12;1čre année Groupe 1 | 1čre année Groupe 2 | 1čre année Groupe 3 | 1čre année Groupe 4 | Art-Espace | Cinéma d'Animation | Design Architecture Milieu | Design Graphique | Design Objet | Design Textile et Matičre | Design Vętement | Image Imprimée | Photo / Vidéo | Scénographie
S5.TR.3.MR.05;1čre année Groupe 1 | 1čre année Groupe 2 | 1čre année Groupe 3 | 1čre année Groupe 4 | Art-Espace | Cinéma d'Animation | Design Architecture Milieu | Design Graphique | Design Objet | Design Textile et Matičre | Design Vętement | Image Imprimée | Photo / Vidéo | Scénographie
SY.TR.T.HE.06;1čre année Groupe 1 | 1čre année Groupe 2 | 1čre année Groupe 3 | 1čre année Groupe 4 | Art-Espace | Cinéma d'Animation | Design Architecture Milieu | Design Graphique | Design Objet | Design Textile et Matičre | Design Vętement | Image Imprimée | Photo / Vidéo | Scénographie
S5.TR.3.MR.01;1čre année Groupe 1 | 1čre année Groupe 2 | 1čre année Groupe 3 | 1čre année Groupe 4 | Art-Espace | Cinéma d'Animation | Design Architecture Milieu | Design Graphique | Design Objet | Design Textile et Matičre | Design Vętement | Image Imprimée | Photo / Vidéo | Scénographie
SZ.TR.2.HE.02;1čre année Groupe 1 | 1čre année Groupe 2 | 1čre année Groupe 3 | 1čre année Groupe 4 | Art-Espace | Cinéma d'Animation | Design Architecture Milieu | Design Graphique | Design Objet | Design Textile et Matičre | Design Vętement | Image Imprimée | Photo / Vidéo | Scénographie
SY.TR.0.CF.02;1čre année Groupe 1 | 1čre année Groupe 2 | 1čre année Groupe 3 | 1čre année Groupe 4 | Art-Espace | Cinéma d'Animation | Design Architecture Milieu | Design Graphique | Design Objet | Design Textile et Matičre | Design Vętement | Image Imprimée | Photo / Vidéo | Scénographie
SZ.TR.0.CF.01;1čre année Groupe 1 | 1čre année Groupe 2 | 1čre année Groupe 3 | 1čre année Groupe 4 | Art-Espace | Cinéma d'Animation | Design Architecture Milieu | Design Graphique | Design Objet | Design Textile et Matičre | Design Vętement | Image Imprimée | Photo / Vidéo | Scénographie
SY.TR.T.HE.05;1čre année Groupe 1 | 1čre année Groupe 2 | 1čre année Groupe 3 | 1čre année Groupe 4 | Art-Espace | Cinéma d'Animation | Design Architecture Milieu | Design Graphique | Design Objet | Design Textile et Matičre | Design Vętement | Image Imprimée | Photo / Vidéo | Scénographie
S4.DO.1.CS.02;Design Objet
S8.TR.2.HR.01;1čre année Groupe 1 | 1čre année Groupe 2 | 1čre année Groupe 3 | 1čre année Groupe 4 | Art-Espace | Cinéma d'Animation | Design Architecture Milieu | Design Graphique | Design Objet | Design Textile et Matičre | Design Vętement | Image Imprimée | Photo / Vidéo | Scénographie
S5.DO.1.CS.05;Design Objet
S6.DO.1.CS.06;Design Objet
S6.DO.1.CS.04;Design Objet
S8.TR.2.HR.02;1čre année Groupe 1 | 1čre année Groupe 2 | 1čre année Groupe 3 | 1čre année Groupe 4 | Art-Espace | Cinéma d'Animation | Design Architecture Milieu | Design Graphique | Design Objet | Design Textile et Matičre | Design Vętement | Image Imprimée | Photo / Vidéo | Scénographie
S6.DO.1.CS.03;Design Objet
S5.DO.1.CS.01;Design Objet
SY.TR.T.HE.02;1čre année Groupe 1 | 1čre année Groupe 2 | 1čre année Groupe 3 | 1čre année Groupe 4 | Art-Espace | Cinéma d'Animation | Design Architecture Milieu | Design Graphique | Design Objet | Design Textile et Matičre | Design Vętement | Image Imprimée | Photo / Vidéo | Scénographie
SZ.TR.4.AN.11;1čre année Groupe 1 | 1čre année Groupe 2 | 1čre année Groupe 3 | 1čre année Groupe 4 | Art-Espace | Cinéma d'Animation | Design Architecture Milieu | Design Graphique | Design Objet | Design Textile et Matičre | Design Vętement | Image Imprimée | Photo / Vidéo | Scénographie
SZ.TR.4.AN.12;1čre année Groupe 1 | 1čre année Groupe 2 | 1čre année Groupe 3 | 1čre année Groupe 4 | Art-Espace | Cinéma d'Animation | Design Architecture Milieu | Design Graphique | Design Objet | Design Textile et Matičre | Design Vętement | Image Imprimée | Photo / Vidéo | Scénographie
SY.TR.2.ST.26;1čre année Groupe 1 | 1čre année Groupe 2 | 1čre année Groupe 3 | 1čre année Groupe 4 | Art-Espace | Cinéma d'Animation | Design Architecture Milieu | Design Graphique | Design Objet | Design Textile et Matičre | Design Vętement | Image Imprimée | Photo / Vidéo | Scénographie
SY.TR.2.ST.21;1čre année Groupe 1 | 1čre année Groupe 2 | 1čre année Groupe 3 | 1čre année Groupe 4 | Art-Espace | Cinéma d'Animation | Design Architecture Milieu | Design Graphique | Design Objet | Design Textile et Matičre | Design Vętement | Image Imprimée | Photo / Vidéo | Scénographie
SZ.TR.2.ST.27;1čre année Groupe 1 | 1čre année Groupe 2 | 1čre année Groupe 3 | 1čre année Groupe 4 | Art-Espace | Cinéma d'Animation | Design Architecture Milieu | Design Graphique | Design Objet | Design Textile et Matičre | Design Vętement | Image Imprimée | Photo / Vidéo | Scénographie
S6.DO.1.CS.01;Design Objet
S6.DO.1.CS.05;Design Objet
S5.TR.3.MR.07;1čre année Groupe 1 | 1čre année Groupe 2 | 1čre année Groupe 3 | 1čre année Groupe 4 | Art-Espace | Cinéma d'Animation | Design Architecture Milieu | Design Graphique | Design Objet | Design Textile et Matičre | Design Vętement | Image Imprimée | Photo / Vidéo | Scénographie
S4.DO.1.CS.01;Design Objet
S5.DO.1.CS.02;Design Objet
S6.DO.1.CS.10;Design Objet
SY.TR.2.ST.12;1čre année Groupe 1 | 1čre année Groupe 2 | 1čre année Groupe 3 | 1čre année Groupe 4 | Art-Espace | Cinéma d'Animation | Design Architecture Milieu | Design Graphique | Design Objet | Design Textile et Matičre | Design Vętement | Image Imprimée | Photo / Vidéo | Scénographie
SY.TR.2.ST.36;1čre année Groupe 1 | 1čre année Groupe 2 | 1čre année Groupe 3 | 1čre année Groupe 4 | Art-Espace | Cinéma d'Animation | Design Architecture Milieu | Design Graphique | Design Objet | Design Textile et Matičre | Design Vętement | Image Imprimée | Photo / Vidéo | Scénographie
SZ.TR.2.ST.08;1čre année Groupe 1 | 1čre année Groupe 2 | 1čre année Groupe 3 | 1čre année Groupe 4 | Art-Espace | Cinéma d'Animation | Design Architecture Milieu | Design Graphique | Design Objet | Design Textile et Matičre | Design Vętement | Image Imprimée | Photo / Vidéo | Scénographie
SZ.TR.2.ST.18;1čre année Groupe 1 | 1čre année Groupe 2 | 1čre année Groupe 3 | 1čre année Groupe 4 | Art-Espace | Cinéma d'Animation | Design Architecture Milieu | Design Graphique | Design Objet | Design Textile et Matičre | Design Vętement | Image Imprimée | Photo / Vidéo | Scénographie
SZ.TR.2.ST.41;1čre année Groupe 1 | 1čre année Groupe 2 | 1čre année Groupe 3 | 1čre année Groupe 4 | Art-Espace | Cinéma d'Animation | Design Architecture Milieu | Design Graphique | Design Objet | Design Textile et Matičre | Design Vętement | Image Imprimée | Photo / Vidéo | Scénographie
SY.TR.2.ST.24;1čre année Groupe 1 | 1čre année Groupe 2 | 1čre année Groupe 3 | 1čre année Groupe 4 | Art-Espace | Cinéma d'Animation | Design Architecture Milieu | Design Graphique | Design Objet | Design Textile et Matičre | Design Vętement | Image Imprimée | Photo / Vidéo | Scénographie
SZ.TR.2.ST.30;1čre année Groupe 1 | 1čre année Groupe 2 | 1čre année Groupe 3 | 1čre année Groupe 4 | Art-Espace | Cinéma d'Animation | Design Architecture Milieu | Design Graphique | Design Objet | Design Textile et Matičre | Design Vętement | Image Imprimée | Photo / Vidéo | Scénographie
SZ.TR.2.WI.02;1čre année Groupe 1 | 1čre année Groupe 2 | 1čre année Groupe 3 | 1čre année Groupe 4 | Art-Espace | Cinéma d'Animation | Design Architecture Milieu | Design Graphique | Design Objet | Design Textile et Matičre | Design Vętement | Image Imprimée | Photo / Vidéo | Scénographie
SY.TR.2.ST.11;1čre année Groupe 1 | 1čre année Groupe 2 | 1čre année Groupe 3 | 1čre année Groupe 4 | Art-Espace | Cinéma d'Animation | Design Architecture Milieu | Design Graphique | Design Objet | Design Textile et Matičre | Design Vętement | Image Imprimée | Photo / Vidéo | Scénographie
SZ.TR.2.ST.01;1čre année Groupe 1 | 1čre année Groupe 2 | 1čre année Groupe 3 | 1čre année Groupe 4 | Art-Espace | Cinéma d'Animation | Design Architecture Milieu | Design Graphique | Design Objet | Design Textile et Matičre | Design Vętement | Image Imprimée | Photo / Vidéo | Scénographie
S5.TR.3.MR.11;1čre année Groupe 1 | 1čre année Groupe 2 | 1čre année Groupe 3 | 1čre année Groupe 4 | Art-Espace | Cinéma d'Animation | Design Architecture Milieu | Design Graphique | Design Objet | Design Textile et Matičre | Design Vętement | Image Imprimée | Photo / Vidéo | Scénographie
SZ.TR.2.ST.09;1čre année Groupe 1 | 1čre année Groupe 2 | 1čre année Groupe 3 | 1čre année Groupe 4 | Art-Espace | Cinéma d'Animation | Design Architecture Milieu | Design Graphique | Design Objet | Design Textile et Matičre | Design Vętement | Image Imprimée | Photo / Vidéo | Scénographie
SY.TR.T.HE.03;1čre année Groupe 1 | 1čre année Groupe 2 | 1čre année Groupe 3 | 1čre année Groupe 4 | Art-Espace | Cinéma d'Animation | Design Architecture Milieu | Design Graphique | Design Objet | Design Textile et Matičre | Design Vętement | Image Imprimée | Photo / Vidéo | Scénographie
SZ.TR.4.AN.18;1čre année Groupe 1 | 1čre année Groupe 2 | 1čre année Groupe 3 | 1čre année Groupe 4 | Art-Espace | Cinéma d'Animation | Design Architecture Milieu | Design Graphique | Design Objet | Design Textile et Matičre | Design Vętement | Image Imprimée | Photo / Vidéo | Scénographie
SZ.TR.4.AN.19;1čre année Groupe 1 | 1čre année Groupe 2 | 1čre année Groupe 3 | 1čre année Groupe 4 | Art-Espace | Cinéma d'Animation | Design Architecture Milieu | Design Graphique | Design Objet | Design Textile et Matičre | Design Vętement | Image Imprimée | Photo / Vidéo | Scénographie
SY.TR.2.ST.22;1čre année Groupe 1 | 1čre année Groupe 2 | 1čre année Groupe 3 | 1čre année Groupe 4 | Art-Espace | Cinéma d'Animation | Design Architecture Milieu | Design Graphique | Design Objet | Design Textile et Matičre | Design Vętement | Image Imprimée | Photo / Vidéo | Scénographie
SZ.TR.2.ST.28;1čre année Groupe 1 | 1čre année Groupe 2 | 1čre année Groupe 3 | 1čre année Groupe 4 | Art-Espace | Cinéma d'Animation | Design Architecture Milieu | Design Graphique | Design Objet | Design Textile et Matičre | Design Vętement | Image Imprimée | Photo / Vidéo | Scénographie
SY.TR.2.ST.02;1čre année Groupe 1 | 1čre année Groupe 2 | 1čre année Groupe 3 | 1čre année Groupe 4 | Art-Espace | Cinéma d'Animation | Design Architecture Milieu | Design Graphique | Design Objet | Design Textile et Matičre | Design Vętement | Image Imprimée | Photo / Vidéo | Scénographie
SZ.TR.2.ST.02;1čre année Groupe 1 | 1čre année Groupe 2 | 1čre année Groupe 3 | 1čre année Groupe 4 | Art-Espace | Cinéma d'Animation | Design Architecture Milieu | Design Graphique | Design Objet | Design Textile et Matičre | Design Vętement | Image Imprimée | Photo / Vidéo | Scénographie
SY.TR.2.ST.30;1čre année Groupe 1 | 1čre année Groupe 2 | 1čre année Groupe 3 | 1čre année Groupe 4 | Art-Espace | Cinéma d'Animation | Design Architecture Milieu | Design Graphique | Design Objet | Design Textile et Matičre | Design Vętement | Image Imprimée | Photo / Vidéo | Scénographie
S5.TR.3.MR.17;1čre année Groupe 1 | 1čre année Groupe 2 | 1čre année Groupe 3 | 1čre année Groupe 4 | Art-Espace | Cinéma d'Animation | Design Architecture Milieu | Design Graphique | Design Objet | Design Textile et Matičre | Design Vętement | Image Imprimée | Photo / Vidéo | Scénographie
S7.DO.1.CS.03;Design Objet
S7.DO.1.CS.04;Design Objet
S8.DO.1.CS.01;Design Objet
SY.TR.1.CS.01;1čre année Groupe 1 | 1čre année Groupe 2 | 1čre année Groupe 3 | 1čre année Groupe 4 | Art-Espace | Cinéma d'Animation | Design Architecture Milieu | Design Graphique | Design Objet | Design Textile et Matičre | Design Vętement | Image Imprimée | Photo / Vidéo | Scénographie
SZ.TR.1.CS.01;1čre année Groupe 1 | 1čre année Groupe 2 | 1čre année Groupe 3 | 1čre année Groupe 4 | Art-Espace | Cinéma d'Animation | Design Architecture Milieu | Design Graphique | Design Objet | Design Textile et Matičre | Design Vętement | Image Imprimée | Photo / Vidéo | Scénographie
S7.DO.1.CS.01;Design Objet
S6.DO.1.CS.02;Design Objet
S6.DO.1.CS.11;Design Objet
S8.DO.1.CS.03;Design Objet
S3.DO.1.CS.03;Design Objet
S5.DO.1.CS.04;Design Objet
SZ.TR.2.HE.03;1čre année Groupe 1 | 1čre année Groupe 2 | 1čre année Groupe 3 | 1čre année Groupe 4 | Art-Espace | Cinéma d'Animation | Design Architecture Milieu | Design Graphique | Design Objet | Design Textile et Matičre | Design Vętement | Image Imprimée | Photo / Vidéo | Scénographie
S5.TR.3.MR.09;1čre année Groupe 1 | 1čre année Groupe 2 | 1čre année Groupe 3 | 1čre année Groupe 4 | Art-Espace | Cinéma d'Animation | Design Architecture Milieu | Design Graphique | Design Objet | Design Textile et Matičre | Design Vętement | Image Imprimée | Photo / Vidéo | Scénographie
SZ.TR.4.AN.07;1čre année Groupe 1 | 1čre année Groupe 2 | 1čre année Groupe 3 | 1čre année Groupe 4 | Art-Espace | Cinéma d'Animation | Design Architecture Milieu | Design Graphique | Design Objet | Design Textile et Matičre | Design Vętement | Image Imprimée | Photo / Vidéo | Scénographie
S4.DO.1.CS.04;Design Objet
SY.TR.2.ST.28;1čre année Groupe 1 | 1čre année Groupe 2 | 1čre année Groupe 3 | 1čre année Groupe 4 | Art-Espace | Cinéma d'Animation | Design Architecture Milieu | Design Graphique | Design Objet | Design Textile et Matičre | Design Vętement | Image Imprimée | Photo / Vidéo | Scénographie
SZ.TR.2.ST.05;1čre année Groupe 1 | 1čre année Groupe 2 | 1čre année Groupe 3 | 1čre année Groupe 4 | Art-Espace | Cinéma d'Animation | Design Architecture Milieu | Design Graphique | Design Objet | Design Textile et Matičre | Design Vętement | Image Imprimée | Photo / Vidéo | Scénographie
SZ.TR.2.ST.33;1čre année Groupe 1 | 1čre année Groupe 2 | 1čre année Groupe 3 | 1čre année Groupe 4 | Art-Espace | Cinéma d'Animation | Design Architecture Milieu | Design Graphique | Design Objet | Design Textile et Matičre | Design Vętement | Image Imprimée | Photo / Vidéo | Scénographie
S8.TR.1.CS.01;1čre année Groupe 1 | 1čre année Groupe 2 | 1čre année Groupe 3 | 1čre année Groupe 4 | Art-Espace | Cinéma d'Animation | Design Architecture Milieu | Design Graphique | Design Objet | Design Textile et Matičre | Design Vętement | Image Imprimée | Photo / Vidéo | Scénographie
S5.TR.1.CS.01;1čre année Groupe 1 | 1čre année Groupe 2 | 1čre année Groupe 3 | 1čre année Groupe 4 | Art-Espace | Cinéma d'Animation | Design Architecture Milieu | Design Graphique | Design Objet | Design Textile et Matičre | Design Vętement | Image Imprimée | Photo / Vidéo | Scénographie
S7.TR.1.CS.01;1čre année Groupe 1 | 1čre année Groupe 2 | 1čre année Groupe 3 | 1čre année Groupe 4 | Art-Espace | Cinéma d'Animation | Design Architecture Milieu | Design Graphique | Design Objet | Design Textile et Matičre | Design Vętement | Image Imprimée | Photo / Vidéo | Scénographie
S5.TR.3.MR.08;1čre année Groupe 1 | 1čre année Groupe 2 | 1čre année Groupe 3 | 1čre année Groupe 4 | Art-Espace | Cinéma d'Animation | Design Architecture Milieu | Design Graphique | Design Objet | Design Textile et Matičre | Design Vętement | Image Imprimée | Photo / Vidéo | Scénographie
SY.TR.2.ST.23;1čre année Groupe 1 | 1čre année Groupe 2 | 1čre année Groupe 3 | 1čre année Groupe 4 | Art-Espace | Cinéma d'Animation | Design Architecture Milieu | Design Graphique | Design Objet | Design Textile et Matičre | Design Vętement | Image Imprimée | Photo / Vidéo | Scénographie
SY.TR.2.ST.25;1čre année Groupe 1 | 1čre année Groupe 2 | 1čre année Groupe 3 | 1čre année Groupe 4 | Art-Espace | Cinéma d'Animation | Design Architecture Milieu | Design Graphique | Design Objet | Design Textile et Matičre | Design Vętement | Image Imprimée | Photo / Vidéo | Scénographie
SZ.TR.2.ST.12;1čre année Groupe 1 | 1čre année Groupe 2 | 1čre année Groupe 3 | 1čre année Groupe 4 | Art-Espace | Cinéma d'Animation | Design Architecture Milieu | Design Graphique | Design Objet | Design Textile et Matičre | Design Vętement | Image Imprimée | Photo / Vidéo | Scénographie
SZ.TR.2.ST.13;1čre année Groupe 1 | 1čre année Groupe 2 | 1čre année Groupe 3 | 1čre année Groupe 4 | Art-Espace | Cinéma d'Animation | Design Architecture Milieu | Design Graphique | Design Objet | Design Textile et Matičre | Design Vętement | Image Imprimée | Photo / Vidéo | Scénographie
SZ.TR.2.ST.29;1čre année Groupe 1 | 1čre année Groupe 2 | 1čre année Groupe 3 | 1čre année Groupe 4 | Art-Espace | Cinéma d'Animation | Design Architecture Milieu | Design Graphique | Design Objet | Design Textile et Matičre | Design Vętement | Image Imprimée | Photo / Vidéo | Scénographie
SZ.TR.2.ST.31;1čre année Groupe 1 | 1čre année Groupe 2 | 1čre année Groupe 3 | 1čre année Groupe 4 | Art-Espace | Cinéma d'Animation | Design Architecture Milieu | Design Graphique | Design Objet | Design Textile et Matičre | Design Vętement | Image Imprimée | Photo / Vidéo | Scénographie
SX.DO.2.OG.01;Design Objet
SX.TR.2.OG.01;1čre année Groupe 1 | 1čre année Groupe 2 | 1čre année Groupe 3 | 1čre année Groupe 4 | Art-Espace | Cinéma d'Animation | Design Architecture Milieu | Design Graphique | Design Objet | Design Textile et Matičre | Design Vętement | Image Imprimée | Photo / Vidéo | Scénographie
S6.DO.4.OL.01;Design Objet
S8.TR.3.OM.01;1čre année Groupe 1 | 1čre année Groupe 2 | 1čre année Groupe 3 | 1čre année Groupe 4 | Art-Espace | Cinéma d'Animation | Design Architecture Milieu | Design Graphique | Design Objet | Design Textile et Matičre | Design Vętement | Image Imprimée | Photo / Vidéo | Scénographie
SZ.TR.4.AN.06;1čre année Groupe 1 | 1čre année Groupe 2 | 1čre année Groupe 3 | 1čre année Groupe 4 | Art-Espace | Cinéma d'Animation | Design Architecture Milieu | Design Graphique | Design Objet | Design Textile et Matičre | Design Vętement | Image Imprimée | Photo / Vidéo | Scénographie
SZ.TR.4.AN.05;1čre année Groupe 1 | 1čre année Groupe 2 | 1čre année Groupe 3 | 1čre année Groupe 4 | Art-Espace | Cinéma d'Animation | Design Architecture Milieu | Design Graphique | Design Objet | Design Textile et Matičre | Design Vętement | Image Imprimée | Photo / Vidéo | Scénographie
S9.TR.2.SP.01;1čre année Groupe 1 | 1čre année Groupe 2 | 1čre année Groupe 3 | 1čre année Groupe 4 | Art-Espace | Cinéma d'Animation | Design Architecture Milieu | Design Graphique | Design Objet | Design Textile et Matičre | Design Vętement | Image Imprimée | Photo / Vidéo | Scénographie
S6.TR.4.SP.01;1čre année Groupe 1 | 1čre année Groupe 2 | 1čre année Groupe 3 | 1čre année Groupe 4 | Art-Espace | Cinéma d'Animation | Design Architecture Milieu | Design Graphique | Design Objet | Design Textile et Matičre | Design Vętement | Image Imprimée | Photo / Vidéo | Scénographie
S3.DO.1.CS.06;Design Objet
SY.TR.2.ST.16;1čre année Groupe 1 | 1čre année Groupe 2 | 1čre année Groupe 3 | 1čre année Groupe 4 | Art-Espace | Cinéma d'Animation | Design Architecture Milieu | Design Graphique | Design Objet | Design Textile et Matičre | Design Vętement | Image Imprimée | Photo / Vidéo | Scénographie
SZ.TR.2.ST.39;1čre année Groupe 1 | 1čre année Groupe 2 | 1čre année Groupe 3 | 1čre année Groupe 4 | Art-Espace | Cinéma d'Animation | Design Architecture Milieu | Design Graphique | Design Objet | Design Textile et Matičre | Design Vętement | Image Imprimée | Photo / Vidéo | Scénographie
SZ.TR.2.ST.03;1čre année Groupe 1 | 1čre année Groupe 2 | 1čre année Groupe 3 | 1čre année Groupe 4 | Art-Espace | Cinéma d'Animation | Design Architecture Milieu | Design Graphique | Design Objet | Design Textile et Matičre | Design Vętement | Image Imprimée | Photo / Vidéo | Scénographie
SY.TR.2.ST.03;1čre année Groupe 1 | 1čre année Groupe 2 | 1čre année Groupe 3 | 1čre année Groupe 4 | Art-Espace | Cinéma d'Animation | Design Architecture Milieu | Design Graphique | Design Objet | Design Textile et Matičre | Design Vętement | Image Imprimée | Photo / Vidéo | Scénographie
S5.TR.3.MR.06;1čre année Groupe 1 | 1čre année Groupe 2 | 1čre année Groupe 3 | 1čre année Groupe 4 | Art-Espace | Cinéma d'Animation | Design Architecture Milieu | Design Graphique | Design Objet | Design Textile et Matičre | Design Vętement | Image Imprimée | Photo / Vidéo | Scénographie
S7.TR.2.SM.01;1čre année Groupe 1 | 1čre année Groupe 2 | 1čre année Groupe 3 | 1čre année Groupe 4 | Art-Espace | Cinéma d'Animation | Design Architecture Milieu | Design Graphique | Design Objet | Design Textile et Matičre | Design Vętement | Image Imprimée | Photo / Vidéo | Scénographie
S8.TR.2.SM.01;1čre année Groupe 1 | 1čre année Groupe 2 | 1čre année Groupe 3 | 1čre année Groupe 4 | Art-Espace | Cinéma d'Animation | Design Architecture Milieu | Design Graphique | Design Objet | Design Textile et Matičre | Design Vętement | Image Imprimée | Photo / Vidéo | Scénographie
SZ.TR.4.AN.02;1čre année Groupe 1 | 1čre année Groupe 2 | 1čre année Groupe 3 | 1čre année Groupe 4 | Art-Espace | Cinéma d'Animation | Design Architecture Milieu | Design Graphique | Design Objet | Design Textile et Matičre | Design Vętement | Image Imprimée | Photo / Vidéo | Scénographie
SZ.TR.4.AN.04;1čre année Groupe 1 | 1čre année Groupe 2 | 1čre année Groupe 3 | 1čre année Groupe 4 | Art-Espace | Cinéma d'Animation | Design Architecture Milieu | Design Graphique | Design Objet | Design Textile et Matičre | Design Vętement | Image Imprimée | Photo / Vidéo | Scénographie
SZ.TR.2.ST.10;1čre année Groupe 1 | 1čre année Groupe 2 | 1čre année Groupe 3 | 1čre année Groupe 4 | Art-Espace | Cinéma d'Animation | Design Architecture Milieu | Design Graphique | Design Objet | Design Textile et Matičre | Design Vętement | Image Imprimée | Photo / Vidéo | Scénographie
SZ.TR.4.AN.09;1čre année Groupe 1 | 1čre année Groupe 2 | 1čre année Groupe 3 | 1čre année Groupe 4 | Art-Espace | Cinéma d'Animation | Design Architecture Milieu | Design Graphique | Design Objet | Design Textile et Matičre | Design Vętement | Image Imprimée | Photo / Vidéo | Scénographie
SZ.TR.4.AN.10;1čre année Groupe 1 | 1čre année Groupe 2 | 1čre année Groupe 3 | 1čre année Groupe 4 | Art-Espace | Cinéma d'Animation | Design Architecture Milieu | Design Graphique | Design Objet | Design Textile et Matičre | Design Vętement | Image Imprimée | Photo / Vidéo | Scénographie
SZ.TR.2.HE.05;1čre année Groupe 1 | 1čre année Groupe 2 | 1čre année Groupe 3 | 1čre année Groupe 4 | Art-Espace | Cinéma d'Animation | Design Architecture Milieu | Design Graphique | Design Objet | Design Textile et Matičre | Design Vętement | Image Imprimée | Photo / Vidéo | Scénographie
S5.DO.3.HS.01;Design Objet
S3.TR.3.HF.02;1čre année Groupe 1 | 1čre année Groupe 2 | 1čre année Groupe 3 | 1čre année Groupe 4 | Art-Espace | Cinéma d'Animation | Design Architecture Milieu | Design Graphique | Design Objet | Design Textile et Matičre | Design Vętement | Image Imprimée | Photo / Vidéo | Scénographie
S5.TR.3.MR.10;1čre année Groupe 1 | 1čre année Groupe 2 | 1čre année Groupe 3 | 1čre année Groupe 4 | Art-Espace | Cinéma d'Animation | Design Architecture Milieu | Design Graphique | Design Objet | Design Textile et Matičre | Design Vętement | Image Imprimée | Photo / Vidéo | Scénographie
SZ.TR.2.WI.22;1čre année Groupe 1 | 1čre année Groupe 2 | 1čre année Groupe 3 | 1čre année Groupe 4 | Art-Espace | Cinéma d'Animation | Design Architecture Milieu | Design Graphique | Design Objet | Design Textile et Matičre | Design Vętement | Image Imprimée | Photo / Vidéo | Scénographie
SZ.TR.2.WI.23;1čre année Groupe 1 | 1čre année Groupe 2 | 1čre année Groupe 3 | 1čre année Groupe 4 | Art-Espace | Cinéma d'Animation | Design Architecture Milieu | Design Graphique | Design Objet | Design Textile et Matičre | Design Vętement | Image Imprimée | Photo / Vidéo | Scénographie
SZ.TR.2.WI.19;1čre année Groupe 1 | 1čre année Groupe 2 | 1čre année Groupe 3 | 1čre année Groupe 4 | Art-Espace | Cinéma d'Animation | Design Architecture Milieu | Design Graphique | Design Objet | Design Textile et Matičre | Design Vętement | Image Imprimée | Photo / Vidéo | Scénographie
SZ.TR.2.WI.14;1čre année Groupe 1 | 1čre année Groupe 2 | 1čre année Groupe 3 | 1čre année Groupe 4 | Art-Espace | Cinéma d'Animation | Design Architecture Milieu | Design Graphique | Design Objet | Design Textile et Matičre | Design Vętement | Image Imprimée | Photo / Vidéo | Scénographie
SZ.TR.2.WI.25;1čre année Groupe 1 | 1čre année Groupe 2 | 1čre année Groupe 3 | 1čre année Groupe 4 | Art-Espace | Cinéma d'Animation | Design Architecture Milieu | Design Graphique | Design Objet | Design Textile et Matičre | Design Vętement | Image Imprimée | Photo / Vidéo | Scénographie
SZ.TR.2.WI.17;1čre année Groupe 1 | 1čre année Groupe 2 | 1čre année Groupe 3 | 1čre année Groupe 4 | Art-Espace | Cinéma d'Animation | Design Architecture Milieu | Design Graphique | Design Objet | Design Textile et Matičre | Design Vętement | Image Imprimée | Photo / Vidéo | Scénographie
SZ.TR.2.WI.20;1čre année Groupe 1 | 1čre année Groupe 2 | 1čre année Groupe 3 | 1čre année Groupe 4 | Art-Espace | Cinéma d'Animation | Design Architecture Milieu | Design Graphique | Design Objet | Design Textile et Matičre | Design Vętement | Image Imprimée | Photo / Vidéo | Scénographie
SZ.TR.2.WI.18;1čre année Groupe 1 | 1čre année Groupe 2 | 1čre année Groupe 3 | 1čre année Groupe 4 | Art-Espace | Cinéma d'Animation | Design Architecture Milieu | Design Graphique | Design Objet | Design Textile et Matičre | Design Vętement | Image Imprimée | Photo / Vidéo | Scénographie
SZ.TR.2.WI.13;1čre année Groupe 1 | 1čre année Groupe 2 | 1čre année Groupe 3 | 1čre année Groupe 4 | Art-Espace | Cinéma d'Animation | Design Architecture Milieu | Design Graphique | Design Objet | Design Textile et Matičre | Design Vętement | Image Imprimée | Photo / Vidéo | Scénographie
SZ.TR.2.WI.16;1čre année Groupe 1 | 1čre année Groupe 2 | 1čre année Groupe 3 | 1čre année Groupe 4 | Art-Espace | Cinéma d'Animation | Design Architecture Milieu | Design Graphique | Design Objet | Design Textile et Matičre | Design Vętement | Image Imprimée | Photo / Vidéo | Scénographie
SZ.TR.2.WI.21;1čre année Groupe 1 | 1čre année Groupe 2 | 1čre année Groupe 3 | 1čre année Groupe 4 | Art-Espace | Cinéma d'Animation | Design Architecture Milieu | Design Graphique | Design Objet | Design Textile et Matičre | Design Vętement | Image Imprimée | Photo / Vidéo | Scénographie
SZ.TR.2.WI.12;1čre année Groupe 1 | 1čre année Groupe 2 | 1čre année Groupe 3 | 1čre année Groupe 4 | Art-Espace | Cinéma d'Animation | Design Architecture Milieu | Design Graphique | Design Objet | Design Textile et Matičre | Design Vętement | Image Imprimée | Photo / Vidéo | Scénographie
SZ.TR.2.WI.15;1čre année Groupe 1 | 1čre année Groupe 2 | 1čre année Groupe 3 | 1čre année Groupe 4 | Art-Espace | Cinéma d'Animation | Design Architecture Milieu | Design Graphique | Design Objet | Design Textile et Matičre | Design Vętement | Image Imprimée | Photo / Vidéo | Scénographie
SZ.TR.2.WI.11;1čre année Groupe 1 | 1čre année Groupe 2 | 1čre année Groupe 3 | 1čre année Groupe 4 | Art-Espace | Cinéma d'Animation | Design Architecture Milieu | Design Graphique | Design Objet | Design Textile et Matičre | Design Vętement | Image Imprimée | Photo / Vidéo | Scénographie
SZ.TR.2.WI.27;1čre année Groupe 1 | 1čre année Groupe 2 | 1čre année Groupe 3 | 1čre année Groupe 4 | Art-Espace | Cinéma d'Animation | Design Architecture Milieu | Design Graphique | Design Objet | Design Textile et Matičre | Design Vętement | Image Imprimée | Photo / Vidéo | Scénographie
SZ.TR.2.WI.26;1čre année Groupe 1 | 1čre année Groupe 2 | 1čre année Groupe 3 | 1čre année Groupe 4 | Art-Espace | Cinéma d'Animation | Design Architecture Milieu | Design Graphique | Design Objet | Design Textile et Matičre | Design Vętement | Image Imprimée | Photo / Vidéo | Scénographie
SZ.TR.2.WI.24;1čre année Groupe 1 | 1čre année Groupe 2 | 1čre année Groupe 3 | 1čre année Groupe 4 | Art-Espace | Cinéma d'Animation | Design Architecture Milieu | Design Graphique | Design Objet | Design Textile et Matičre | Design Vętement | Image Imprimée | Photo / Vidéo | Scénographie
S8.DO.1.CS.04;Design Objet
S3.DO.1.WR.01;Design Objet
S1.TR.1.WR.01;1čre année Groupe 1 | 1čre année Groupe 2 | 1čre année Groupe 3 | 1čre année Groupe 4 | Art-Espace | Cinéma d'Animation | Design Architecture Milieu | Design Graphique | Design Objet | Design Textile et Matičre | Design Vętement | Image Imprimée | Photo / Vidéo | Scénographie
S5.DO.1.WR.01;Design Objet
S3.DO.1.WS.01;Design Objet
S4.DO.1.WS.02;Design Objet
S6.DO.1.WS.01;Design Objet
S1.TR.1.WS.01;1čre année Groupe 1 | 1čre année Groupe 2 | 1čre année Groupe 3 | 1čre année Groupe 4 | Art-Espace | Cinéma d'Animation | Design Architecture Milieu | Design Graphique | Design Objet | Design Textile et Matičre | Design Vętement | Image Imprimée | Photo / Vidéo | Scénographie
SZ.TR.2.WI.05;1čre année Groupe 1 | 1čre année Groupe 2 | 1čre année Groupe 3 | 1čre année Groupe 4 | Art-Espace | Cinéma d'Animation | Design Architecture Milieu | Design Graphique | Design Objet | Design Textile et Matičre | Design Vętement | Image Imprimée | Photo / Vidéo | Scénographie
S7.DO.1.WR.01;Design Objet
SZ.TR.2.WI.10;1čre année Groupe 1 | 1čre année Groupe 2 | 1čre année Groupe 3 | 1čre année Groupe 4 | Art-Espace | Cinéma d'Animation | Design Architecture Milieu | Design Graphique | Design Objet | Design Textile et Matičre | Design Vętement | Image Imprimée | Photo / Vidéo | Scénographie
SZ.TR.2.WI.03;1čre année Groupe 1 | 1čre année Groupe 2 | 1čre année Groupe 3 | 1čre année Groupe 4 | Art-Espace | Cinéma d'Animation | Design Architecture Milieu | Design Graphique | Design Objet | Design Textile et Matičre | Design Vętement | Image Imprimée | Photo / Vidéo | Scénographie
S9.DO.1.WR.01;Design Objet
SZ.TR.2.WI.04;1čre année Groupe 1 | 1čre année Groupe 2 | 1čre année Groupe 3 | 1čre année Groupe 4 | Art-Espace | Cinéma d'Animation | Design Architecture Milieu | Design Graphique | Design Objet | Design Textile et Matičre | Design Vętement | Image Imprimée | Photo / Vidéo | Scénographie
S1.TR.2.WI.09;1čre année Groupe 1 | 1čre année Groupe 2 | 1čre année Groupe 3 | 1čre année Groupe 4 | Art-Espace | Cinéma d'Animation | Design Architecture Milieu | Design Graphique | Design Objet | Design Textile et Matičre | Design Vętement | Image Imprimée | Photo / Vidéo | Scénographie
S1.TR.2.WI.01;1čre année Groupe 1 | 1čre année Groupe 2 | 1čre année Groupe 3 | 1čre année Groupe 4 | Art-Espace | Cinéma d'Animation | Design Architecture Milieu | Design Graphique | Design Objet | Design Textile et Matičre | Design Vętement | Image Imprimée | Photo / Vidéo | Scénographie
S1.TR.2.WI.02;1čre année Groupe 1 | 1čre année Groupe 2 | 1čre année Groupe 3 | 1čre année Groupe 4 | Art-Espace | Cinéma d'Animation | Design Architecture Milieu | Design Graphique | Design Objet | Design Textile et Matičre | Design Vętement | Image Imprimée | Photo / Vidéo | Scénographie
S1.TR.2.WI.04;1čre année Groupe 1 | 1čre année Groupe 2 | 1čre année Groupe 3 | 1čre année Groupe 4 | Art-Espace | Cinéma d'Animation | Design Architecture Milieu | Design Graphique | Design Objet | Design Textile et Matičre | Design Vętement | Image Imprimée | Photo / Vidéo | Scénographie
S1.TR.2.WI.05;1čre année Groupe 1 | 1čre année Groupe 2 | 1čre année Groupe 3 | 1čre année Groupe 4 | Art-Espace | Cinéma d'Animation | Design Architecture Milieu | Design Graphique | Design Objet | Design Textile et Matičre | Design Vętement | Image Imprimée | Photo / Vidéo | Scénographie
S1.TR.2.WI.06;1čre année Groupe 1 | 1čre année Groupe 2 | 1čre année Groupe 3 | 1čre année Groupe 4 | Art-Espace | Cinéma d'Animation | Design Architecture Milieu | Design Graphique | Design Objet | Design Textile et Matičre | Design Vętement | Image Imprimée | Photo / Vidéo | Scénographie
S1.TR.2.WI.07;1čre année Groupe 1 | 1čre année Groupe 2 | 1čre année Groupe 3 | 1čre année Groupe 4 | Art-Espace | Cinéma d'Animation | Design Architecture Milieu | Design Graphique | Design Objet | Design Textile et Matičre | Design Vętement | Image Imprimée | Photo / Vidéo | Scénographie
S1.TR.2.WI.08;1čre année Groupe 1 | 1čre année Groupe 2 | 1čre année Groupe 3 | 1čre année Groupe 4 | Art-Espace | Cinéma d'Animation | Design Architecture Milieu | Design Graphique | Design Objet | Design Textile et Matičre | Design Vętement | Image Imprimée | Photo / Vidéo | Scénographie
S1.TR.2.WI.10;1čre année Groupe 1 | 1čre année Groupe 2 | 1čre année Groupe 3 | 1čre année Groupe 4 | Art-Espace | Cinéma d'Animation | Design Architecture Milieu | Design Graphique | Design Objet | Design Textile et Matičre | Design Vętement | Image Imprimée | Photo / Vidéo | Scénographie
S1.TR.2.WI.03;1čre année Groupe 1 | 1čre année Groupe 2 | 1čre année Groupe 3 | 1čre année Groupe 4 | Art-Espace | Cinéma d'Animation | Design Architecture Milieu | Design Graphique | Design Objet | Design Textile et Matičre | Design Vętement | Image Imprimée | Photo / Vidéo | Scénographie
SZ.TR.2.WI.07;1čre année Groupe 1 | 1čre année Groupe 2 | 1čre année Groupe 3 | 1čre année Groupe 4 | Art-Espace | Cinéma d'Animation | Design Architecture Milieu | Design Graphique | Design Objet | Design Textile et Matičre | Design Vętement | Image Imprimée | Photo / Vidéo | Scénographie
S2.TR.2.WI.01;1čre année Groupe 1 | 1čre année Groupe 2 | 1čre année Groupe 3 | 1čre année Groupe 4 | Art-Espace | Cinéma d'Animation | Design Architecture Milieu | Design Graphique | Design Objet | Design Textile et Matičre | Design Vętement | Image Imprimée | Photo / Vidéo | Scénographie
S7.DO.1.CS.05;Design Objet
SZ.TR.2.WI.08;1čre année Groupe 1 | 1čre année Groupe 2 | 1čre année Groupe 3 | 1čre année Groupe 4 | Art-Espace | Cinéma d'Animation | Design Architecture Milieu | Design Graphique | Design Objet | Design Textile et Matičre | Design Vętement | Image Imprimée | Photo / Vidéo | Scénographie
S4.DO.1.WS.01;Design Objet
SZ.TR.4.AN.21;1čre année Groupe 1 | 1čre année Groupe 2 | 1čre année Groupe 3 | 1čre année Groupe 4 | Art-Espace | Cinéma d'Animation | Design Architecture Milieu | Design Graphique | Design Objet | Design Textile et Matičre | Design Vętement | Image Imprimée | Photo / Vidéo | Scénographie
SZ.TR.4.AN.20;1čre année Groupe 1 | 1čre année Groupe 2 | 1čre année Groupe 3 | 1čre année Groupe 4 | Art-Espace | Cinéma d'Animation | Design Architecture Milieu | Design Graphique | Design Objet | Design Textile et Matičre | Design Vętement | Image Imprimée | Photo / Vidéo | Scénographie
SZ.TR.2.ST.32;1čre année Groupe 1 | 1čre année Groupe 2 | 1čre année Groupe 3 | 1čre année Groupe 4 | Art-Espace | Cinéma d'Animation | Design Architecture Milieu | Design Graphique | Design Objet | Design Textile et Matičre | Design Vętement | Image Imprimée | Photo / Vidéo | Scénographie
